ID,nom,fonction,annees,statut,parent,public,support,similaire-a,wikidata,comptoir-du-libre,licence,contexte-usage,label,groupe,version_min,version_max
1,7zip,Compression,2018 ; 2019 ; 2020 ; 2021 ; 2022,R,,,,,Q215051,72,LGPL-2.0-only,,,MIMO,19,
2,Acceleo,Outil et/ou plugin de génération de tout ou partie du code,2018 ; 2019 ; 2020 ; 2021 ; 2022,R,,,,,Q2822666,304,EPL-2.0,Outil et/ou plugin de génération de tout ou partie du code,,MIMDEV,3.7.8,
3,Additional Alerts,Notifications supplémentaires à celles incluses dans GLPI,2018 ; 2020 ; 2021 ; 2022,O,GLPI,,,,,93,GPL-2.0-only,Gestion des tickets,,MIMO,2.1.2,
4,Agent OCS,"Inventaire, télédéploiement et découverte du réseau",2018 ; 2019 ; 2020 ; 2021 ; 2022,R,OCS Inventory,,Oui,,,88,GPL-2.0-only,,,MIMO,2.4,
5,Ansible,Déploiement,2018 ; 2019 ; 2020 ; 2021 ; 2022,R,,,Oui,,Q2852503,225,GPL-3.0-only,Services déconcentrés,,MIMPROD,Distribution,
6,Apache HTTP Server,Serveur Web & Reverse Proxy,2018 ; 2019 ; 2020 ; 2021 ; 2022,R,,,Oui,,Q11354,212,Apache-2.0,Services déconcentrés,,MIMPROD,Distribution,
7,Apache Jmeter,Robot de test / Injecteurs,2018 ; 2019 ; 2020 ; 2021 ; 2022,R,,,Oui,,Q616885,109,Apache-2.0,,,MIMDEV,5.2,
8,Apache Maven,Outil de gestion des dépendances entre les différents composants d'un projet et cycle de vie,2018 ; 2019 ; 2020 ; 2021 ; 2022,R,,,Oui,,Q139941,176,Apache-2.0,,,MIMDEV,3.5.2,
9,Apache Solr,Indexation et recherche plein texte,2018 ; 2019 ; 2020 ; 2021 ; 2022,R,,,Oui,,Q2858103,204,Apache-2.0,Limité à 1 serveur,,MIMPROD,8.0.0,
10,Apache Tomcat,Environnement de développement,2018 ; 2019 ; 2020 ; 2021 ; 2022,R,,,Oui,,Q507430,205,Apache-2.0,,,MIMDEV,9,
11,ARX Data Anonymization Tool,Outil d'anonymisation des données,2019 ; 2020 ; 2021 ; 2022,O,,,,,,310,Apache-2.0,,,MIMDEV,3.7.6,
12,Asqatasun,Vérification de la conformité de l'application aux règles d'accessibilité,2018 ; 2019 ; 2020 ; 2021 ; 2022,O,,,Oui,,Q24026504,9,AGPL-3.0,,,MIMDEV,Docker,
13,Assistant RGAA,Vérification des règles d'accessibilité d'une application web,2019 ; 2021 ; 2022,R,,,,,Q98731896,,MIT,"Utilisé par les agents impliqués dans les services web (internet, intranet, extranet).",,MIMDEV,1.2.x,
14,Audacity,Enregistrement et édition de sons,2018 ; 2019 ; 2020 ; 2021 ; 2022,FR,,,,,Q191782,69,GPL-2.0-only,Enregistrement et édition de sons,,MIMO,2.3.3,2.4.2
15,Avidemux,Logiciel d'édition de vidéo,2018 ; 2019 ; 2020 ; 2021 ; 2022,O,,,,193,Q790931,70,GPL-2.0-only,,,MIMO,2.7.4,
16,Bareos,Sauvegarde serveurs,2018 ; 2019 ; 2020 ; 2021 ; 2022,R,,,Oui,,Q25387280,243,AGPL-3.0,Services déconcentrés,,MIMPROD,Distribution,
17,Behaviors (Comportements),Options de configuration supplémentaires,2018 ; 2019 ; 2020 ; 2021 ; 2022,R,GLPI,,,,,95,AGPL-3.0-or-later,Gestion des tickets,,MIMO,2.1.4,
18,BlueGriffon,Éditeur HTML,2018 ; 2019 ; 2020 ; 2021 ; 2022,R,,,,,Q885580,58,"LGPL-3.0, GPL-3.0, MPL-2.0",,,MIMO,3.1,
19,CentOS,Distribution GNU/LINUX,2018 ; 2019 ; 2020 ; 2021 ; 2022,R,,,Oui,,Q207542,239,N/A,En centre de production,,MIMPROD,7.6,
20,Centreon,Supervision Infrastructure,2018 ; 2019 ; 2020 ; 2021 ; 2022,R,,,Oui,,Q2946121,210,GPL-2.0-only,Infra virtuelle,,MIMPROD,2.8,
21,Ceph,Stockage block,2018 ; 2019 ; 2020 ; 2021 ; 2022,R,,,,,Q4035967,223,LGPL-2.1-only,Services déconcentrés,,MIMPROD,Distribution,
22,Chromium,Navigateurs,2018 ; 2019 ; 2020 ; 2021 ; 2022,R,,,,,Q48524,193,BSD-3-Clause,Poste développeur,,MIMDEV,Dernière stable,
23,ClamAV,Antivirus : Orienté serveur,2018 ; 2019 ; 2020 ; 2021 ; 2022,R,,,Oui,,Q852000,211,GPL-2.0-only,Serveur Bureautique,,MIMPROD,Distribution,
25,CodeceptJS,Cadriciel de tests backend,2019 ; 2020 ; 2021 ; 2022,O,,,,,,306,MIT,,,MIMDEV,2.4.1,
26,Consul,Déploiement,2018 ; 2019 ; 2020 ; 2021 ; 2022,O,,,,,Q28709844,226,MPL-2.0,Services déconcentrés,,MIMPROD,Distribution,
27,Corosync,Haute Disponibilté,2018 ; 2019 ; 2020 ; 2021 ; 2022,R,,,,,,235,BSD-3-Clause,Infra virtuelle,,MIMPROD,Distribution,
28,CUPS,Serveur d'impression,2018 ; 2019 ; 2020 ; 2021 ; 2022,R,,,Oui,,Q868171,217,Apache-2.0,Services déconcentrés,,MIMPROD,Distribution,
29,Data Injection,Injection de données dans GLPI à l'aide de fichiers CSV,2018 ; 2019 ; 2020 ; 2021 ; 2022,R,GLPI,,,,,92,GPL-2.0-only,,,MIMO,2.6.4,
30,DBAN (Darik's Boot and Nuke),Effacement complet de tous les supports magnétiques d'une machine.,2018 ; 2019 ; 2020 ; 2021 ; 2022,O,,,,,Q1165893,81,GPL-2.0-only / LGPL-2.0-only,,,MIMO,2.3.0,
31,DbFit,Outil d'injection afin tester les couches basses,2018 ; 2019,FR,,,,,,185,GPL-2.0-only,,,MIMDEV,3.2.0,
32,Debian,Distribution GNU/LINUX,2018 ; 2019 ; 2020 ; 2021 ; 2022,R,,,Oui,,Q7715973,241,N/A,En centre de production,,MIMPROD,10,
33,Discourse,Forum,2019 ; 2020 ; 2021 ; 2022,R,,,,,Q15054354,282,GPL-2.0,Version 2.4.0 utilisée pour forum.etalab.gouv.fr,,MIMO,2.4.0,
34,Docker,Conteneurs logiciels,2018 ; 2019 ; 2020 ; 2021 ; 2022,R,,,Oui,,Q15206305,218,Apache-2.0,Services déconcentrés,,MIMPROD,Distribution,
35,Draw.io Desktop,Schémas,2019 ; 2020 ; 2021 ; 2022,O,,,,,Q59339175,300,Apache-2.0,,,MIMO,12.5,
36,Drupal,Système de gestion de contenus web,2019 ; 2020 ; 2021 ; 2022,R,,,Oui,162 ; 173 ; 203 ; 211,Q170855,264,LGPL-2.0,,,MIMO,8.8,
37,DVD Styler,Création de DVD vidéo avec un menu de navigation.,2018 ; 2019 ; 2020 ; 2021 ; 2022,O,,,,,Q4117800,74,GPL-3.0,,,MIMO,3.1,
38,Eclipse IDE,Environnement de développement,2018 ; 2019 ; 2020 ; 2021 ; 2022,R,,,Oui,97 ; 174 ; 215,Q82268,170,EPL-2.0,Outil et/ou plugin de génération de tout ou partie du code,,MIMDEV,4.18,
39,ElasticSearch (Open Distro),Indexation et recherche plein texte,2018 ; 2019 ; 2020 ; 2021 ; 2022,R,,,Oui,,Q3050461,201,Apache-2.0,En mode cluster,,MIMPROD,6.x,
40,EOLE AMON,Pare-feu réseau et web,2018 ; 2019 ; 2020 ; 2021 ; 2022,R,,,,,,234,MIT,Services déconcentrés,,MIMPROD,2.7,
41,EOLE (Ubuntu),Distribution GNU/LINUX,2018 ; 2019 ; 2020 ; 2021 ; 2022,R,,,,,Q3046024,240,N/A,Services déconcentrés,,MIMPROD,2.7,
42,Escalation,Escalade de tickets,2018 ; 2019 ; 2020 ; 2021 ; 2022,O,GLPI,,,,,296,GPL-2.0-only,Gestion des tickets,,MIMO,0.90+1.2,
43,Filezilla,Client FTP,2018 ; 2019 ; 2020 ; 2021 ; 2022,R,,,Oui,,Q300662,64,GPL-2.0,Client FTP,,MIMO,3.28,
44,Fitnesse,Outil d'injection afin tester les couches basses,2018 ; 2019,FR,,,,,,184,CPL-1.0,,,MIMDEV,20161106,
45,Framadate (logiciel),Sondage pour trouver des dates communes,2019 ; 2020 ; 2021 ; 2022,O,,,Oui,,,284,CECILL-B,Utilisation expérimentale sur yunohost.etalab.studio/date/,,MIMO,N/A,
46,Nagios,Application permettant la surveillance système et réseau,2018,FR,,,Oui,,Q1134360,209,GPL-3.0,,,MIMDEV,N/A,
47,FreeFileSync,Synchronisation sauvegarde,2018 ; 2019 ; 2020 ; 2021 ; 2022,R,,,,,Q18150468,52,GPL-3.0,,,MIMO,11.5,
48,Freeplane,Grapheur d'idées,2018 ; 2019 ; 2020 ; 2021 ; 2022,R,,,,,Q3028675,61,GPL-2.0-only,,,MIMO,1.7,
49,FusionInventory,"Inventaire, télédéploiement et découverte du réseau",2018 ; 2019 ; 2020 ; 2021 ; 2022,O,GLPI,,Oui,,,84,AGPL-3.0-or-later,Gestion parc,,MIMO,9.1+1.4,
50,Waarp,Gestion des transferts de fichiers dans un contexte de production et sécurisé,2018,FR,,,,,,231,GPL-3.0,,,MIMPROD,N/A,
51,GIMP,Dessin (matriciel),2018 ; 2019 ; 2020 ; 2021 ; 2022,R,,,,,Q8038,67,GPL-3.0-only,,,MIMO,2.10.14,
52,Git,Outil de gestion des configurations (serveur),2018 ; 2019 ; 2020 ; 2021 ; 2022,R,,,Oui,,Q186055,175,GPL-2.0,,,MIMDEV,Dernière stable,
53,GitLab Community Edition,Plateforme de développement,2018 ; 2019 ; 2020 ; 2021 ; 2022,R,,,,,Q16639197,198,MIT,,,MIMDEV,11.X,
54,GLPI,Gestion de parc et suivi d'incidents,2018 ; 2019 ; 2020 ; 2021 ; 2022,R,,,Oui,172,Q3104570,35,GPL-2.0-only,,,MIMO,9.3.4,
55,Survey (questionnaire),Gestion de questionnaires pour GLPI,2019 ; 2020 ; 2021 ; 2022,O,GLPI,,,,Q3104570,,AGPL-3.0-or-later,Gestion de parc,,MIMO,9.3.1.0,
57,Grammalecte,Correction grammaticale,2018 ; 2019 ; 2020 ; 2021 ; 2022,R,Firefox,,Oui,,Q17629243,79,GPL-3.0,Télécharger l'extension sur [grammalecte.net](https://grammalecte.net/#download).  Intégration de la base terminologique FranceTerme.,,MIMO,1.12,
58,GreenShot,Capture d'écran,2018 ; 2019 ; 2020 ; 2021 ; 2022,R,,,,,Q1544791,56,GPL-3.0,,,MIMO,1.2.10,
59,H2,Base de données,2018 ; 2019 ; 2020 ; 2021 ; 2022,R,,,,,Q1562670,194,MPL 2.0 et EPL 1.0,Poste développeur,,MIMDEV,1.4.200,
60,HAProxy,Load Balancer,2018 ; 2019 ; 2020 ; 2021 ; 2022,R,,,Oui,,Q5628948,237,GPL-2.0-only,Services déconcentrés,,MIMPROD,Distribution,
61,Inkscape,Dessin (vectoriel),2018 ; 2019 ; 2020 ; 2021 ; 2022,O,,,,,Q8041,68,GPL-2.0-only,,,MIMO,1.0.1,
62,IS Designer,Environnement de développement,2019 ; 2020 ; 2021 ; 2022,O,,,,,,319,EPL-1.0,,,MIMDEV,1.9.2,
63,Jacoco,Couverture du code,2018 ; 2019 ; 2020 ; 2021 ; 2022,R,,,,,Q6109486,182,EPL-2.0,,,MIMDEV,0.8.5,
64,Jailer,Génération / Gestion des jeux de données,2018 ; 2019 ; 2020 ; 2021 ; 2022,R,,,,,,192,Apache-2.0,,,MIMDEV,9.0,
65,Javamelody,Outil de monitoring,2018 ; 2019 ; 2020 ; 2021 ; 2022,R,,,,,,195,Apache-2.0,,,MIMDEV,1.86.0,
66,Jenkins,"Outil d'aide à la livraison (dépôt, intégration continue...)",2018 ; 2019 ; 2020 ; 2021 ; 2022,R,,,Oui,,Q7491312,187,MIT,,,MIMDEV,2.x,
67,Jitsi,Webconférence,2018 ; 2019 ; 2020 ; 2021 ; 2022,R,,,,196,q87849488,65,Apache-2.0,,,MIMO,2.9,
68,Roundcube,Webmail,2018 ; 2021 ; 2022,R,,,Oui,171 ; 202,Q1769269,112,GPL-3.0,,,MIMO,1.4.10,
69,Junit,Outil de gestion des tests unitaires,2018 ; 2019 ; 2020 ; 2021 ; 2022,R,,,Oui,,Q847675,183,EPL-1.0,,,MIMDEV,5.3,
70,K-9 Mail,Client de messagerie,2019 ; 2020 ; 2021 ; 2022,O,,,,,Q14565723,,Apache-2.0,Client de Messagerie,,MIMO,5.600,
71,KeeFox,Pour utiliser ses codes,2018 ; 2019 ; 2020 ; 2021 ; 2022,O,Firefox,,,,Q61694243,293,GPL V2.0,Pour utiliser ses codes,,MIMO,2.5,
72,KeePass,Gestion de mots de passe,2018 ; 2019 ; 2020 ; 2021 ; 2022,R,,,Oui,,Q762660,50,GPL-2.0-only,,,MIMO,2.4,
73,Keycloak,IAM,2019 ; 2020 ; 2021 ; 2022,R,,,Oui,,Q42916195,301,Apache-2.0,Serveur Bureautique,,MIMPROD,12.0.3,
74,Kibana,Gestion des logs en mode centralisé,2018 ; 2019 ; 2020 ; 2021 ; 2022,R,,,Oui,,Q21156460,202,Apache-2.0,Serveur Bureautique,,MIMPROD,6.x,
75,Kubernetes,Orchestration,2018 ; 2019 ; 2020 ; 2021 ; 2022,R,,,,198,Q22661306,219,Apache-2.0,Conteneurs,,MIMPROD,Distribution,
76,KVM,Hyperviseur,2018 ; 2019 ; 2020 ; 2021 ; 2022,R,,,,,Q377539,220,"LGPL-2.1, LGPL-2.0,  LGPL-3.0",Virtualisation serveurs,,MIMPROD,Distribution,
77,LemonLDAP::NG,SSO,2018 ; 2019 ; 2020 ; 2021 ; 2022,R,,,Oui,,Q3229380,101,GPL-2.0-or-later,Version 2.0.7 utilisée à la Gendarmerie nationale,,MIMPROD,2.0.x,
78,LibreOffice,Suite bureautique,2018 ; 2019 ; 2020 ; 2021 ; 2022,R,,,Oui,,Q10135,33,MPL-2.0,**Nous [contacter](/fr/contact) pour connaître les versions packagées par l'administration**,,MIMO,Dernière stable,
79,LibreOffice (Collabora) online,Rédaction collaborative,2019 ; 2020 ; 2021 ; 2022,R,,,,,Q30584920,294,MPL-2.0,,,MIMO,4.0.10,
80,Limesurvey,Enquête,2019 ; 2020 ; 2021 ; 2022,O,,,Oui,,Q1514978,42,GPL-3.0,,,MIMO,N/A,
81,LireCouleur,Ensemble d'outils destiné à aider les lecteurs débutants ou en difficulté à décoder les mots en utilisant les principes de la lecture en couleur,2019 ; 2020 ; 2021 ; 2022,R,LibreOffice,,,,,287,LGPL-v2.1,,,MIMO,5,
82,Logstash,Gestion des logs en mode centralisé,2018 ; 2019 ; 2020 ; 2021 ; 2022,R,,,Oui,,Q17620247,203,Apache-2.0,Serveur Bureautique,,MIMPROD,6.x,
83,Mantis BT,Outil de remontée de bug,2018 ; 2019 ; 2020 ; 2021 ; 2022,R,,,Oui,,,174,GPL-2.0,,,MIMDEV,1.X,
84,MariaDB,Base transactionnelle cluster,2018 ; 2019 ; 2020 ; 2021 ; 2022,R,,,Oui,,Q787177,206,"LGPL-2.1, LGPL-2.0,  LGPL-3.0",Base de production,,MIMPROD,10.3,
85,Mastodon,Microblogue,2019 ; 2020 ; 2021 ; 2022,R,,,,,Q27986619,283,AGPL-3.0,[mastodon.etalab.gouv.fr](https://mastodon.etalab.gouv.fr),,MIMO,3.0.1,
86,MediaWiki,Moteur de wiki,2018 ; 2019 ; 2020 ; 2021 ; 2022,R,,,Oui,214,Q83,122,GPL-2.0-or-later,,,MIMO,N/A,
87,Mobile,Affichage de GLPI pour terminaux mobiles et tablettes,2018 ; 2019 ; 2020 ; 2021 ; 2022,O,GLPI,,Oui,,,,GPL-2.0-only,Gestion parc,,MIMO,1.1.6,
88,MongoDB,Base de données NoSQL,2018 ; 2019,FR,,,Oui,,Q1165204,208,N/A,,,MIMPROD,N/A,
89,Mozilla Firefox (Extended Support Release),Navigateur,2018 ; 2019 ; 2020 ; 2021 ; 2022,R,,,Oui,,Q698,82,MPL-2.0,Navigateur,,MIMO,Dernière stable,
90,MultiDiff,Diffusion multiformat,2018 ; 2019 ; 2020 ; 2021 ; 2022,R,LibreOffice,,,,,77,LGPL-2.0-only,,,MIMO,1.3.0,
91,MuPDF,Outil de visualisation de PDF,2018 ; 2019 ; 2020 ; 2021 ; 2022,R,,,,,Q6930567,291,AGPL-3.0,,,MIMO,N/A,
92,NAPS2,Outil de scan de PDF,2020 ; 2021 ; 2022,R,,,,,,351,GPL-2.0-only,,,MIMO,5.8.2,
93,NextCloud,Partage de fichiers,2019 ; 2020 ; 2021 ; 2022,R,,,Oui,,Q25874683,117,AGPL-3.0-or-later,,,MIMO,17.0.3,
94,Nexus,Dépôt d'artefacts,2018 ; 2019 ; 2020 ; 2021 ; 2022,R,,,Oui,,,178,EPL-1.0,,,MIMDEV,3.18.1-01,
95,Nginx,Serveur web et reverse proxy,2018 ; 2019 ; 2020 ; 2021 ; 2022,R,,,Oui,,Q306144,213,BSD-2-Clause,Services déconcentrés,,MIMPROD,Distribution,
96,NodeJS,Environnement de développement,2018 ; 2019 ; 2020 ; 2021 ; 2022,R,,,Oui,,Q756100,238,X11,,,MIMDEV,8,
97,Notepad++,Éditeur de textes,2018 ; 2019 ; 2020 ; 2021 ; 2022,R,,,Oui,174 ; 215 ; 38,Q2033,55,GPL-2.0-only,,,MIMO,7.9.5,
98,Npm,Gestionnaire de paquets pour Node.js,2018 ; 2019 ; 2020 ; 2021 ; 2022,R,,,,,Q7067518,179,Artistic-2.0,,,MIMDEV,Dernière stable,
99,NVDA,Lecteur d'écran,2018 ; 2019 ; 2020 ; 2021 ; 2022,R,,,Oui,,Q1116614,63,GPL-2.0-only,,,MIMO,2020.4,
100,OBS Studio,Régie video pour enregistrement et/ou streaming,2019 ; 2020 ; 2021 ; 2022,R,,,,,Q21707789,285,GPL-2.0-only,,,MIMO,26.1.x,
101,OCS Inventory,"Inventaire, télédéploiement et découverte du réseau",2018 ; 2019 ; 2020 ; 2021 ; 2022,R,,,Oui,,Q1135744,83,GPL-2.0-only,,,MIMO,2.4,
102,OCS Inventory ng,Automatisation de l'import OCS Inventory-NG,2018 ; 2019 ; 2020 ; 2021 ; 2022,R,GLPI,,Oui,,,91,GPL-2.0-only,Gestion parc,,MIMO,1.5.6,
103,OpenDocument Reader,Lecteur de fichiers OpenDocument,2018 ; 2019 ; 2020 ; 2021 ; 2022,R,,,,,,290,GPL-3.0-or-later,,,MIMO,1.3.2,
104,OpenJDK,Environnement de développement,2018 ; 2019 ; 2020 ; 2021 ; 2022,R,,,Oui,,Q1461054,173,GPL-2.0,,,MIMDEV,11,
105,OpenLdap,Annuaire,2018 ; 2019 ; 2020 ; 2021 ; 2022,R,,,Oui,,Q682918,98,OLDAP-2.8,Serveur Bureautique,,MIMPROD,2.4,
107,OpenNebula Community Edition,Virtualisation de serveurs,2018 ; 2019 ; 2020 ; 2021 ; 2022,R,,,Oui,,Q1164484,222,Apache-2.0,Infra virtuelle,,MIMPROD,5.10,
108,OpenStack,IaaS - 2,2018 ; 2019 ; 2020 ; 2021 ; 2022,R,,,,,Q1470293,221,Apache-2.0,Infonuage,,MIMPROD,0,
109,Pacemaker,Haute Disponibilté,2018 ; 2019 ; 2020 ; 2021 ; 2022,R,,,,,,236,GPL-2.0,Infra virtuelle,,MIMPROD,Distribution,
110,Packer,Déploiement,2018 ; 2019 ; 2020 ; 2021 ; 2022,O,,,,,,228,MPL-2.0,Services déconcentrés,,MIMPROD,Distribution,
111,PDF (impression de pdf),Export en pdf des fiches GLPI,2018 ; 2019 ; 2020 ; 2021 ; 2022,R,GLPI,,,,,299,AGPL-3.0,,,MIMO,1.5,
112,PDFSam Basic,"Outil de fusion, extraction et découpage de fichiers PDF. Il permet aussi de changer le sens des pages.",2018 ; 2019 ; 2020 ; 2021 ; 2022,R,,,,,Q3898451,169,AGPL-3.0,,,MIMO,4.1.2,
113,Pencil,Outil de maquettage IHM (statique et/ou dynamique),2018 ; 2019,FR,,,,,Q2398265,180,GPL-2.0,,,MIMDEV,3,
114,PHPBB,Outil de forum,2018 ; 2019,FR,,,,,Q14270,199,GPL-2.0,Utilisé au sein d'une forge.,,MIMDEV,3.0.9,
115,PortraitOrLandscape,Orientation de la page,2018 ; 2019 ; 2020 ; 2021 ; 2022,R,LibreOffice,,,,,,LGPL-3.0-only,,,MIMO,2,
116,Postfix,Messagerie system,2018 ; 2019 ; 2020 ; 2021 ; 2022,R,,,Oui,,Q1121334,216,"IPL-1.0, EPL-2.0",Services déconcentrés,,MIMPROD,Distribution,
117,PostGIS,Base de données Géomatique,2018 ; 2019 ; 2020 ; 2021 ; 2022,R,,,Oui,,Q1569955,207,GPL-2.0-or-later,Information géographique,,MIMPROD,2.4,
118,PostgreSQL,Base de données transactionnelle,2018 ; 2019 ; 2020 ; 2021 ; 2022,R,,,Oui,,Q192490,123,PostgreSQL,Base de production,,MIMPROD,10,
119,ProjectLibre,Outil de gestion de projet,2018 ; 2019 ; 2020 ; 2021 ; 2022,R,,,Oui,122 ; 192,Q580985,59,CPA,,,MIMO,1.9.3,
120,Qgis,Système d'information géographique,2018 ; 2019 ; 2020 ; 2021 ; 2022,R,,,Oui,,Q1329181,60,GPL-2.0-or-later,,,MIMO,3.16,
121,Qwant (extension de recherche),Plugin pour l'ajout du moteur de recherche Qwant,2018 ; 2019 ; 2020 ; 2021 ; 2022,R,Firefox,,,,,,X11,,,MIMO,5,
122,Redmine,Outil de gestion de projet,2018 ; 2019 ; 2020 ; 2021 ; 2022,R,,,Oui,119 ; 192,Q1149365,197,GPL-2.0,,,MIMDEV,3.X,
123,Reports (rapports),Rapports supplémentaires à ceux inclus par défaut dans GLPI,2018 ; 2019 ; 2020 ; 2021 ; 2022,R,GLPI,,Oui,,,298,AGPL-3.0,,,MIMO,1.12.1,
124,Rocketchat,Messagerie instantanée,2018 ; 2019 ; 2020 ; 2021 ; 2022,R,,,Oui,,Q24050001,200,MIT,,,MIMO,N/A,
125,Rundeck,Orchestration,2018 ; 2019 ; 2020 ; 2021 ; 2022,O,,,Oui,,Q56317793,229,Apache-2.0,Conteneurs,,MIMPROD,Distribution,
126,SaltStack,Déploiement,2018 ; 2019 ; 2020 ; 2021 ; 2022,R,,,,,Q7405800,224,Apache-2.0,Services déconcentrés,,MIMPROD,Distribution,
127,Samba,Partage de fichiers,2018 ; 2019 ; 2020 ; 2021 ; 2022,R,,,Oui,,Q1830735,142,GPL-3.0-only,Infra virtuelle,,MIMPROD,4.9,
128,Scribus,PAO,2018 ; 2019 ; 2020 ; 2021 ; 2022,R,,,,,Q8295,76,GPL-2.0-only,,,MIMO,1.5,
129,Selenium IDE,Automatisation des tests Web,2018 ; 2019,FR,,,Oui,,Q752522,311,Apache-2.0,,,MIMDEV,3.14,
130,Selenium Server,Automatisation des tests Web,2018 ; 2019 ; 2020 ; 2021 ; 2022,R,,,Oui,,,188,Apache-2.0,,,MIMDEV,3.14,
131,Shinken,Supervision Infrastructure et composants,2019 ; 2020 ;,FR,,,,,Q3482264,302,AGPL-3.0-only,Infra virtuelle,,MIMPROD,2.4.3,
132,SOAP UI Open Source,Outil d'aide aux tests techniques,2018 ; 2019 ; 2020 ; 2021 ; 2022,R,,,Oui,,Q2296314,186,EUPL-1.1,Tests orientés Web Services,,MIMDEV,5.6.x,
133,SonarQube,Tableau de bord d'indicateurs de qualité,2018 ; 2019 ; 2020 ; 2021 ; 2022,R,,,Oui,,Q541691,181,LGPL-3.0-only,,,MIMDEV,7.9,
134,SonarQube Plugins : FindBugs,Tableau de bord d'indicateurs de qualité,2018 ; 2019 ; 2020 ; 2021 ; 2022,R,SonarQube,,Oui,,,307,LGPL-3.0-only,,,MIMDEV,6.7 (à confirmer),
135,Spring Boot,Environnement de développement,2018 ; 2019 ; 2020 ; 2021 ; 2022,O,,,Oui,,,172,Apache-2.0,,,MIMDEV,2.X,
136,Squash TF,Automatisation des tests,2018 ; 2019 ; 2020 ; 2021 ; 2022,R,,,,,,189,LGPL-3.0-only,,,MIMDEV,1.21.0,
137,Squash TM,Gestion des campagnes de tests,2018 ; 2019 ; 2020 ; 2021 ; 2022,R,,,Oui,,,190,LGPL-3.0-only,,,MIMDEV,1.21.1,
138,Squid,Proxy,2018 ; 2019 ; 2020 ; 2021 ; 2022,R,,,Oui,,Q841783,159,GPL-3.0-only,Services déconcentrés,,MIMPROD,Distribution,
139,SumatraPDF,Lecture simple de fichier PDF,2018 ; 2019 ; 2020 ; 2021 ; 2022,R,,,Oui,,Q479808,57,GPL-3.0-only,Sans remplissage de formulaire ni vérification de signature,,MIMO,3.1.2,
140,Swarm,Orchestration,2018 ; 2019 ; 2020 ; 2021 ; 2022,O,,,,,Q7653883,230,AGPL-3.0,Conteneurs,,MIMPROD,Distribution,
141,Swift (OpenStack),Stockage Objet,2018 ; 2019 ; 2020 ; 2021 ; 2022,R,,,,,,,Apache-2.0,Services déconcentrés,,MIMPROD,Distribution,
142,Sympa,Liste de diffusion/discussion,2019 ; 2020 ; 2021 ; 2022,R,,,Oui,,Q1850168,281,GPL-2.0,Version 6.2.60 utilisée sur le réseau RENATER,,MIMO,N/A,
143,Syslog-ng,Gestion des logs en mode centralisé,2018 ; 2019 ; 2020 ; 2021 ; 2022,R,,,Oui,,Q467865,242,"LGPL-2.1, LGPL-2.0,  LGPL-3.0",Serveur Bureautique,,MIMPROD,Distribution,
144,Talend Open Studio for Data Integration (BASIC),Reprise des données,2018 ; 2019 ; 2020 ; 2021 ; 2022,R,,,Oui,,Q17097860,196,Apache-2.0,Outil d'automatisation de la reprise de données,,MIMDEV,7.3.x,
145,Tanaguru,Vérification de la conformité de l'application aux règles d'accessibilité,2018 ; 2019 ; 2020 ; 2021 ; 2022,O,,,Oui,,,305,AGPL-3.0,,,MIMDEV,6.0.0,
146,Testlink,Gestion des campagnes de tests,2018 ; 2019 ; 2020 ; 2021 ; 2022,R,,,Oui,,Q248384,191,GPL-2.0-only,,,MIMDEV,1.9.14,
147,Thunderbird,Courrielleur,2018 ; 2019 ; 2020 ; 2021 ; 2022,R,,,Oui,,Q483604,80,MPL-2.0,Courrielleur,,MIMO,68,
148,TimeLineTicket,Affichage graphique des délais de prise en compte des incidents + indicateurs sous forme de rapports,2018 ; 2019 ; 2020 ; 2021 ; 2022,O,GLPI,,,,,96,GPL-2.0-only,Gestion des tickets,,MIMO,9.3+1.1,
149,uBlock Origin,Bloqueur des publicités et des pisteurs,2018 ; 2019 ; 2020 ; 2021 ; 2022,R,Firefox,,,,Q19881587,288,GPL-3.0,,,MIMO,1.24.2,
150,uMap,Informations géographiques,2019 ; 2020 ; 2021 ; 2022,O,,,,,,292,BSD-3.0,,,MIMO,N/A,
151,Uninstall,Désinstallation d'objets inventoriés,2018 ; 2019 ; 2020 ; 2021 ; 2022,R,GLPI,,Oui,,,94,GPL-2.0-only,Gestion parc,,MIMO,2.6.2,
152,Varnish,Cache web,2018 ; 2019 ; 2020 ; 2021 ; 2022,R,,,Oui,,Q1602447,214,BSD-3-Clause,Services déconcentrés,,MIMPROD,Distribution,
153,Vault,Stockage Securisé,2019 ; 2020 ; 2021 ; 2022,O,,,Oui,,Q4052619,312,BSD-2-Clause,Services déconcentrés,,MIMPROD,N/A,
154,VeraCrypt,Chiffrement de disques,2018 ; 2019 ; 2020 ; 2021 ; 2022,O,,,,,Q19911889,51,AGPL-3.0,,,MIMO,1.24,
155,Visual Studio Code,Environnement de développement,2018 ; 2019 ; 2020 ; 2021 ; 2022,R,,,,,Q19841877,171,MIT,Outil et/ou plugin de génération de tout ou partie du code,,MIMDEV,Dernière stable,
156,VLC,Lecteur multimédia,2018 ; 2019 ; 2020 ; 2021 ; 2022,R,,,Oui,,Q171477,62,GPL-2.0-only,La version 3.0.7.1 est utilisée à la Gendarmerie nationale,,MIMO,3.0.8,
157,VRT network equipment,Galerie d'images,2019 ; 2020 ; 2021 ; 2022,R,LibreOffice,,,,,289,CC-BY-SA-4.0,Diagrammes informatiques,,MIMO,1.2,
158,WAPT Community,"Déploiement, mise à jour et suppression des logiciels et des configurations sur un parc Windows - **Attention**, [WAPT Community n'est plus développé](https://www.tranquil.it/wapt-community-changements-majeurs-2021/)",2019 ; 2020 ; 2021 ; 2022,O,,,,,Q50829216,261,GPL-3.0-only,Gestion de parc,,MIMO,1.8.2,
159,WebAccess,Outil de dev pour l'accessibilité,2019 ; 2020 ; 2021 ; 2022,O,NVDA,,Oui,,,,GPL-2.0-only,,,MIMO,2021.02.10,
160,WebService,Serveur de services web permettant à une application externe d'interroger et de piloter GLPI.,2018 ; 2019 ; 2020 ; 2021 ; 2022,O,GLPI,,Oui,,,295,GPL-2.0-or-later,,,MIMO,1.9.1,
161,Wekan,Gestion de tâches,2019 ; 2020 ; 2021 ; 2022,O,,,,,Q50558592,260,MIT,,,MIMO,N/A,
162,Wordpress,Système de gestion de contenus web,2019 ; 2020 ; 2021 ; 2022,R,,,Oui,36 ; 173 ; 203 ; 211,Q13166,38,GPL-2.0-only,Version 5.3.2 utilisée sur etalab.gouv.fr,,MIMO,N/A,
163,Yarn,Outil de gestion des dépendances,2018 ; 2019 ; 2020 ; 2021 ; 2022,O,,,,,Q28975591,177,BSD-2-Clause,,,MIMDEV,1.21.0,
164,Rudder,Audit et configuration continus,2018 ; 2020 ; 2021 ; 2022,R,,,,,Q16673801,227,GPL-3.0-or-later,En 5.0 chez le référent,,MIMPROD,Distribution,
165,SonarQube Plugins : CheckStyle,Tableau de bord d'indicateurs de qualité,2018 ; 2019 ; 2020 ; 2021 ; 2022,R,SonarQube,,Oui,,,308,LGPL-3.0-only,,,MIMDEV,6.7 (à confirmer),
166,SonarQube Plugins : Pmd,Tableau de bord d'indicateurs de qualité,2018 ; 2019 ; 2020 ; 2021 ; 2022,R,SonarQube,,Oui,,,309,LGPL-3.0-only,,,MIMDEV,6.7 (à confirmer),
167,Squash TF Java Junit Runner,Automatisation des tests,2020 ; 2021 ; 2022,R,Squash TF,,,,,189,LGPL-3.0-only,,,MIMDEV,1.21.0,
168,Squash TF Cucumber Java Runner,Automatisation des tests,2020 ; 2021 ; 2022,R,Squash TF,,,,,189,LGPL-3.0-only,,,MIMDEV,1.21.0,
169,Squash TF Execution Server,Automatisation des tests,2020 ; 2021 ; 2022,R,Squash TF,,,,,189,LGPL-3.0-only,,,MIMDEV,1.21.0,
170,Squash KeywordFramework,Automatisation des tests,2020 ; 2021 ; 2022,R,Squash TF,,,,,189,LGPL-3.0-only,,,MIMDEV,1.21.0,
171,SOGo,Outil de webmail,2020 ; 2021 ; 2022,R,,,,68 ; 202,Q1523357,139,GPL-3.0-only,,,MIMO,N/A,
172,Zammad,Application web pour la gestion du support,2020 ; 2021 ; 2022,O,,,Oui,54,Q71389626,355,AGPL-3.0,En version 3.1 à la DINUM (Etalab),,MIMO,N/A,
173,Jekyll,Outil de génération de sites web statiques,2020 ; 2021 ; 2022,R,,,,36 ; 162 ; 203 ; 211,Q17067385,356,MIT,En version 3.1.2 à la DINUM (Etalab),,MIMO,N/A,
174,GNU Emacs,Éditeur de textes et environnement de développement,2020 ; 2021 ; 2022,R,,,,97 ; 215 ; 38,Q1252773,,GPL-3.0-or-later,En version 26.3 à la DINUM (Etalab),,MIMO,N/A,
175,Cachet,Outil de monitoring de service,2020 ; 2021 ; 2022,O,,,,,,357,BSD-3-Clause,En version 2.3.18 à la DINUM (Etalab),,MIMO,N/A,
176,Matomo,Outil de statistiques de fréquentation de sites web,2020 ; 2021 ; 2022,R,,,Oui,,Q34162,358,GPL-3.0-or-later,En version 4.5.0 à la DINUM (Etalab),,MIMPROD,Dernière stable,
177,postfix.admin,Outil de gestion de configuration postfix,2020 ; 2021 ; 2022,R,,,,,,359,GPL-2.0-or-later,En version 3.2 à la DINUM (Etalab),,MIMPROD,N/A,
178,Proxmox VE,Outil de gestion de machines virtuelles,2020 ; 2021 ; 2022,R,,,Oui,,Q344376,113,AGPL-3.0,En version 5.4-13 à la DINUM (Etalab),,MIMPROD,6.x,
179,Yunohost,Outil de déploiement d'applications,2020 ; 2021 ; 2022,O,,,,,Q15971793,361,AGPL-3.0,En version 3.6.5.3 à la DINUM (Etalab),,MIMPROD,N/A,
180,CodiMD,Outil de partage de notes,2020,FR,,,,223,Q98731953,362,AGPL-3.0,"En version 1.4.1 à la DINUM, remplacé par Hedgedoc",,MIMO,N/A,
181,git-crypt,Outil de chiffrement dans les dépôts Git,2020 ; 2021 ; 2022,R,,,,,,363,GPL-3.0,,,MIMDEV,Version distribution,
182,RStudio,Environnement de développement intégré (IDE) pour le langage de programmation R.,2020 ; 2021 ; 2022,R,,,Oui,,Q4798119,366,AGPL-3.0,En version 1.2 à l'ANCT,,MIMDEV,N/A,
183,SecureFlag Community,Outil d'entraînement à la sécurité d'applications,2020 ; 2021 ; 2022,R,,,,,,367,GPL-3.0,,,MIMDEV,N/A,
184,Redis,Système de gestion de base de données,2020 ; 2021 ; 2022,R,,,Oui,,Q2136322,365,BSD-3-Clause,En version 5.0.7 à Sorbonne université,,MIMPROD,N/A,
185,Archifiltre,Système d'aide à l'archivage de fichiers,2020 ; 2021 ; 2022,R,,Oui,,194,Q77064547,368,MIT,En version 2.0.x aux ministères sociaux,,MIMO,2.0.x,
186,Dia,Outil de création de diagrammes,2018,FR,,,,,Q958908,66,GPL-2.0,,,MIMO,N/A,
187,Prometheus,Supervision Infrastructure et composants,2020 ; 2021 ; 2022,O,,,,,,374,Apache-2.0,,,MIMPROD,2.5,
188,Grafana,Supervision Infrastructure et composants,2020 ; 2021 ; 2022,O,,,Oui,,Q43399271,373,Apache-2.0,,,MIMPROD,6.x,
189,OpenIO,Logiciel de stockage objets,2019 ; 2020 ; 2021 ; 2022,O,,,,,Q30348631,376,AGPL-3.0,,,MIMPROD,19.10,
190,Correcteur terminologique fr (FranceTerme),Correction terminologique à partir de la base FranceTerme,2018 ; 2019,R,LibreOffice,,,,,,LGPL-2.1,,,MIMO,1.7,
191,Pulse,Télédéploiement et télédiffusion des composants techniques et métiers sur les postes de travail Windows/Linux/Mac,2020 ; 2021 ; 2022,O,GLPI,,,,,377,GPL-2.0,,,MIMO,4,
192,ProjeQtOr,Outil de gestion de projet,2020 ; 2021 ; 2022,O,,,,119 ; 122,Q17501773,375,AGPL-3,,,MIMO,8.3,
193,OpenShot,Logiciel d'édition de vidéos,2020 ; 2021 ; 2022,R,,,,15,Q769346,379,GPL-3,[Site de l'académie de Rouen](http://numeriques.spip.ac-rouen.fr/?Openshot),,MIMO,2.4.3,
194,VITAM,Solution d'archivage électronique,2020 ; 2021 ; 2022,R,,Oui,,185,Q65130365,323,CECILL-2.1,[www.programmevitam.fr](https://www.programmevitam.fr),,MIMO,2.1.18,
195,Opale,Création de module de formation linéaire multi-support,2020 ; 2021 ; 2022,O,,,,,Q91312803,380,"MPL-2.0, GPL-3.0, LGPL-3.0, CECILL-2.1","Création de module de formation pour utilisation en ligne ou présentielle, avec des ressources interactives, cf. [support web](https://example.scenari.software/Opale@3.7/auroraW) et [support papier](https:// example.scenari.software/Opale@3.7/paper)",,MIMO,3.7,
196,BigBlueButton,Serveur de visioconférence pour navigateurs WEB en HTML5,2020 ; 2021 ; 2022,R,,,Oui,67,Q4904858,384,LGPL-3.0,"Cours en ligne, formation et présentation à distance à l'académie de Versailles",,MIMO,2.4,
197,Peertube,Plateforme d'hébergement décentralisée de vidéos,2020 ; 2021 ; 2022,O,,,,210,Q50938515,140,AGPL-3.0-or-later,,,MIMPROD,3.x,
198,Rancher,Outil d'orchestration de conteneurs,2020 ; 2021 ; 2022,O,,,,75,,386,Apache-2.0,,,MIMPROD,N/A,
199,exodus-privacy (standalone),Analyseur statique d'apk,2020 ; 2021 ; 2022,O,,,,,Q60348651,385,AGPL-3.0,,,MIMDEV,1.1.1,
200,OpenFisca,Moteur de calcul socio-fiscal - [openfisca.org](https://openfisca.org),2020 ; 2021 ; 2022,R,,Oui,,,Q64777688,387,AGPL-3.0,Calculs socio-fiscaux / Évaluation des politiques publiques,,MIMDEV,34.7.3,
201,SDK Géoportail,[Affichage d'une carte dynamique avec les données Géoportail](https://geoservices.ign.fr/documentation/utilisation_web/sdk.html),2020 ; 2021 ; 2022,R,,Oui,,,,388,CECILL-B,Développement web - voir [le dépôt](https://github.com/IGNF/geoportal-sdk),,MIMDEV,3.0.11,
202,Zimbra,Outil de webmail,2020 ; 2021 ; 2022,R,,,,171 ; 68,Q203485,110,Zimbra-1.3,"**Attention** : à partir de la version 9, [Zimbra ne sera plus sous licence libre](https://wiki.zimbra.com/wiki/Zimbra_Releases/9.0.0)",,MIMPROD,> 8 et < 9,
203,TYPO3,Système de gestion de contenus web,2020 ; 2021 ; 2022,R,,,,36 ; 162 ; 173 ; 211,Q618512,87,"GPL-2.0, LGPL-3.0",,,MIMO,10,
204,Colour Contrast Analyser,Outil d'analyse de contraste des couleurs,2020 ; 2021 ; 2022,R,,,,,,398,GPL-3.0,,,MIMO,N/A,
205,Démarches simplifiées,Outil de gestion de formulaires en ligne,2020 ; 2021 ; 2022,R,,Oui,,230,Q93597458,136,AGPL-3.0,Déployée à la DINUM sur https://www.demarches-simplifiees.fr,https://catalogue.numerique.gouv.fr/solutions/demarches-simplifiees-fr,MIMO,2020-06-23-02,
206,FusionDirectory,Outil de gestion d'identités,2020 ; 2021 ; 2022,R,,,,,Q96679195,46,GPL-2.0,,,MIMPROD,1.3,
207,JOSM,Outil d'édition d'OpenStreetMap,2020 ; 2021 ; 2022,R,,,,,Q12877,390,GPL-2.0+,,,MIMO,16538,
208,Moodle,Plateforme d'apprentissage à distance,2020 ; 2021 ; 2022,R,,,Oui,"209, 216",Q190434,250,GPL-3.0,,,MIMO,3.9,
209,Open EDX,Plateforme d'apprentissage à distance,2020 ; 2021 ; 2022,R,,,,"208, 216",Q2106448,396,AGPL-3.0,,,MIMO,N/A,
210,Esup-Pod,Plateforme de gestion de fichiers vidéo,2020 ; 2021 ; 2022,R,,Oui,,197,Q109851936,397,LGPL-3.0,,,MIMO,2.x,
211,SPIP,Système de gestion de contenus web,2020 ; 2021 ; 2022,R,,,Oui,36 ; 162 ; 173 ; 203,Q1536426,36,GPL-3.0,,,MIMO,3.2.9,
212,Pentaho Community Edition,Plateforme BI,2020 ; 2021 ; 2022,O,,,Oui,,Q644841,105,"GPL-2.0, LGPL-2, MPL-1.1",,,MIMO,N/A,
213,Tracim,Outil de gestion des connaissances,2020 ; 2021 ; 2022,R,,,,,,273,"MIT, LGPL-3, AGPL-3",,,MIMO,N/A,
214,XWiki,Moteur de wiki,2020 ; 2021 ; 2022,R,,,Oui,86,Q526699,11,LGPL-2.1,,,MIMO,10.11.3,
215,Pycharm Community Edition,Environnement de développement,2020 ; 2021 ; 2022,R,,,,97 ; 174 ; 38,Q50557308,400,Apache-2.0,,,MIMO,2020.1,
216,Chamilo,Plateforme d'apprentissage à distance,2020 ; 2021 ; 2022,R,,,,208 ; 209,Q423221,252,GPL-3.0+,Déployé dans l'académie d'Aix-Marseille,,MIMO,1.11.10,
217,Gravitee Community Edition,Outil de gestion d'API,2020 ; 2021 ; 2022,R,,,,,Q97819945,404,Apache-2.0,,,MIMPROD,3.x,
218,OpenSVC,Logiciel d'orchestration applicative et de clustering haute disponibilité,2020 ; 2021 ; 2022,R,,,,,Q100588070,336,GPL-2.0,,,MIMPROD,2.1,
219,Apache Superset,Logiciel de datavisualisation,2021 ; 2022,R,,,Oui,,Q68705831,418,Apache-2.0,,,MIMPROD,1.1.0,
220,uPortal,Portail pour l'enseignement supérieur et le secondaire,2021 ; 2022,R,,,,,Q3547301,419,Apache-2.0,,,MIMO,5.2.x,
221,Tuleap,Gestionnaire de cycle applicatif,2021 ; 2022,R,,,,,Q3541946,325,GPL-2.0,,https://catalogue.numerique.gouv.fr/solutions/tuleap,MIMPROD,12.2-1,
222,Dash,"Cadriciel d'applications web basé sur Flask (Python), React et Plotly.js",2021 ; 2022,O,,,,,Q106081011,424,MIT,,,MIMDEV,1.19.0,
223,Hedgedoc,Outil de partage de notes,2021 ; 2022,O,,,,180,,362,AGPL-3.0,En version 1.7.x à la DINUM,,MIMO,N/A,
224,Lazarus IDE,IDE de programme en FreePascal,2021 ; 2022,R,,,,,,430,"GPL-2.0, LGPL-2.0",,,MIMDEV,2.0.12,
225,FreePascal,Langage de programmation FreePascal,2021 ; 2022,R,,,,,,429,GPL-2.0,,,MIMDEV,3.2.0,
226,MurExpo,Logiciel pédagogique pour créer un mur d'exposition - [me.murexpo.org](https://me.murexpo.org),2021 ; 2022,R,,,,,Q108370859,431,GPL-3.0,,,MIMO,0.6.8,
227,Keycloakify,Outil pour la création de pages de login pour Keycloak,2021 ; 2022,R,Keycloak,Oui,,,Q107693197,458,MIT,,,MIMDEVOPS,4.4.0,
228,gochimitheque,Logiciel de gestion de produits chimiques,2021 ; 2022,R,,,,,,459,GPL-3.0,,,MIMO,2.0.7,
229,fpart,"Outil permettant de trier des fichiers et de les répartir en paquets (appelés ""partitions"")",2021 ; 2022,R,,,,,Q109606717,460,BSD-2-Clause,,,MIMDEV,1.4.0,
230,Publik,Outil de dématérialisation des démarches en ligne,2021 ; 2022,R,,,,205,Q110094718,26,GPL-3.0-only,Démarches en ligne et dématérialisation de processus au sein du ministère de l'éducation nationale et de ses services déconcentrés,https://catalogue.numerique.gouv.fr/solutions/publik,MIMPROD,N/A,
231,PrimTux,Distribution éducative destinée aux écoles primaires,2021 ; 2022,R,,,,,Q27024590,249,GPL-3.0-only,Utilisée dans de nombreux établissements scolaires,,MIMO,Dernière stable,
232,SambaÉdu,Solution de serveur pédagogique libre,2022,R,,,,,Q16675432,253,GPL-3.0-only,,,MIMO,4,
233,Onyxia,Lanceur de conteneurs orienté Data science. Mise en commun de ressources matérielles (CPU/GPU/RAM),2022,R,,Oui,,"AWS, Google Cloud Platform, Microsoft Azure",Q110492908,461,MIT,Onyxia est déployé par l'INSEE sur https://datalab.sspcloud.fr,,MIMDEVOPS,0.26.25,
234,Decidim,Plateforme de participation citoyenne,2022,R,,,,,Q20105575,268,AGPL-3.0,,,MIMO,0.24,
